sl_no,gender,ssc_p,hsc_p,hsc_s,degree_p,degree_t,workex,etest_p,specialisation,mba_p,status,salary
1,M,41.38,55.13,Commerce,55.58,Comm&Mgmt,Yes,78.34,Mkt&HR,50.89,Not Placed,
2,M,70.87,79.38,Arts,71.8,Comm&Mgmt,No,78.28,Mkt&HR,72.76,Placed,357498
3,F,48.55,92.65,Science,54.09,Sci&Tech,Yes,67.23,Mkt&Fin,68.11,Placed,486487
4,M,93.52,60.82,Arts,61.73,Others,No,77.71,Mkt&HR,51.37,Placed,301542
5,M,87.04,87.66,Science,61.12,Others,No,57.81,Mkt&Fin,56.29,Placed,573394
6,M,73.5,49.41,Arts,59.79,Sci&Tech,No,62.96,Mkt&HR,70.54,Placed,505919
7,M,85.2,84.28,Science,60.71,Comm&Mgmt,No,60.21,Mkt&Fin,61.87,Placed,372717
8,F,47.68,80.97,Arts,60.51,Others,No,93.1,Mkt&Fin,60.86,Placed,238099
9,F,45.0,42.59,Commerce,56.11,Comm&Mgmt,No,78.63,Mkt&Fin,61.45,Placed,402228
10,M,77.42,46.3,Arts,80.04,Others,No,55.35,Mkt&Fin,54.74,Not Placed,
11,F,93.45,81.91,Arts,86.51,Others,No,90.4,Mkt&HR,54.59,Placed,406539
12,M,72.94,66.87,Commerce,87.16,Sci&Tech,Yes,52.78,Mkt&HR,52.57,Placed,209069
13,M,47.06,66.14,Arts,56.61,Others,No,96.29,Mkt&HR,71.39,Placed,462108
14,F,64.1,68.47,Commerce,59.92,Comm&Mgmt,No,51.01,Mkt&HR,67.65,Not Placed,
15,M,52.59,89.8,Science,52.83,Comm&Mgmt,No,82.11,Mkt&HR,66.18,Placed,550600
16,F,53.36,66.01,Science,57.62,Comm&Mgmt,No,67.01,Mkt&Fin,64.01,Placed,462813
17,M,43.33,80.05,Commerce,59.95,Comm&Mgmt,No,56.73,Mkt&HR,58.36,Not Placed,
18,M,64.37,87.37,Arts,53.92,Others,Yes,96.51,Mkt&HR,54.99,Placed,269773
19,F,89.63,49.06,Commerce,89.41,Sci&Tech,No,63.69,Mkt&Fin,54.64,Placed,586857
20,M,81.14,43.14,Arts,69.07,Others,Yes,52.73,Mkt&HR,75.54,Placed,208543
21,M,62.21,91.79,Arts,59.85,Others,Yes,79.73,Mkt&Fin,69.72,Placed,312875
22,F,51.23,79.39,Commerce,60.62,Comm&Mgmt,No,71.95,Mkt&HR,50.28,Placed,416457
23,M,44.03,51.72,Science,55.3,Sci&Tech,Yes,92.2,Mkt&Fin,58.55,Placed,408151
24,F,73.64,94.3,Arts,71.16,Others,No,94.72,Mkt&HR,78.17,Placed,228480
25,M,80.83,48.55,Science,74.19,Others,No,59.77,Mkt&Fin,65.16,Placed,561426
26,M,45.08,63.3,Science,51.76,Sci&Tech,Yes,80.58,Mkt&Fin,54.85,Placed,476380
27,M,46.15,91.98,Arts,86.16,Others,Yes,90.06,Mkt&HR,62.89,Placed,333153
28,M,89.44,51.55,Commerce,76.68,Sci&Tech,No,96.74,Mkt&HR,77.77,Placed,248250
29,M,88.48,41.36,Arts,86.98,Sci&Tech,Yes,62.81,Mkt&HR,61.48,Placed,377689
30,M,84.91,65.32,Science,82.82,Comm&Mgmt,Yes,51.14,Mkt&HR,61.95,Placed,209156
31,F,59.31,68.02,Arts,89.25,Others,No,95.08,Mkt&HR,76.31,Placed,423847
32,F,42.1,72.81,Science,79.14,Sci&Tech,No,79.1,Mkt&HR,61.56,Placed,286983
33,F,40.09,90.91,Arts,77.47,Others,Yes,67.48,Mkt&HR,78.47,Placed,441725
34,M,79.59,56.52,Science,76.68,Sci&Tech,No,83.47,Mkt&HR,55.76,Placed,339241
35,M,73.85,56.55,Arts,83.35,Sci&Tech,No,60.09,Mkt&Fin,63.95,Placed,269754
36,F,83.66,92.79,Arts,56.79,Comm&Mgmt,No,74.74,Mkt&Fin,52.8,Placed,278644
37,F,52.36,50.95,Commerce,51.85,Sci&Tech,Yes,71.86,Mkt&HR,71.55,Placed,347854
38,M,76.08,40.3,Commerce,81.14,Comm&Mgmt,Yes,88.6,Mkt&Fin,51.51,Placed,536301
39,F,47.33,65.56,Arts,89.52,Others,No,95.6,Mkt&Fin,68.38,Placed,392006
40,F,89.35,80.9,Science,68.0,Comm&Mgmt,No,86.76,Mkt&Fin,68.8,Placed,212543
41,F,52.9,58.47,Arts,53.22,Comm&Mgmt,Yes,68.39,Mkt&HR,71.19,Not Placed,
42,F,58.2,65.63,Commerce,58.27,Sci&Tech,No,93.43,Mkt&HR,75.7,Placed,339760
43,M,91.85,56.42,Science,84.14,Sci&Tech,Yes,73.44,Mkt&Fin,63.08,Placed,321174
44,F,79.83,86.23,Commerce,89.23,Others,Yes,93.53,Mkt&HR,52.52,Placed,544077
45,M,42.77,60.85,Commerce,68.19,Sci&Tech,No,63.36,Mkt&Fin,57.57,Not Placed,
46,M,81.2,42.86,Science,58.97,Comm&Mgmt,Yes,86.2,Mkt&HR,55.98,Not Placed,
47,M,53.12,66.05,Commerce,72.56,Comm&Mgmt,No,83.57,Mkt&Fin,55.03,Placed,494128
48,M,82.78,49.01,Science,54.32,Comm&Mgmt,No,77.64,Mkt&Fin,61.9,Placed,211918
49,M,45.6,82.49,Arts,74.02,Comm&Mgmt,Yes,66.67,Mkt&Fin,69.85,Placed,451968
50,M,86.73,85.23,Commerce,67.34,Sci&Tech,No,83.95,Mkt&Fin,55.28,Placed,453192
51,F,65.57,85.42,Arts,60.74,Comm&Mgmt,Yes,63.39,Mkt&Fin,57.32,Placed,436339
52,F,58.5,67.19,Science,57.27,Comm&Mgmt,No,88.3,Mkt&Fin,58.39,Placed,549645
53,M,68.41,50.51,Commerce,78.8,Sci&Tech,Yes,83.15,Mkt&Fin,63.45,Placed,303578
54,F,78.05,56.84,Arts,64.76,Others,No,70.42,Mkt&Fin,60.55,Placed,308781
55,M,46.64,50.59,Commerce,79.72,Others,Yes,59.19,Mkt&Fin,58.29,Placed,499287
56,F,93.93,85.79,Science,59.1,Comm&Mgmt,No,50.68,Mkt&HR,58.23,Placed,412410
57,M,75.08,81.4,Commerce,84.91,Others,No,72.53,Mkt&Fin,60.22,Placed,286040
58,F,46.27,43.59,Science,52.96,Others,Yes,57.28,Mkt&Fin,52.56,Not Placed,
59,F,73.35,83.49,Commerce,81.03,Sci&Tech,No,93.61,Mkt&Fin,75.8,Placed,308259
60,M,73.53,80.7,Commerce,75.02,Sci&Tech,Yes,57.54,Mkt&HR,66.56,Placed,351577
61,F,56.02,52.73,Arts,61.31,Sci&Tech,Yes,82.99,Mkt&Fin,73.63,Placed,457696
62,M,63.38,69.95,Arts,55.96,Sci&Tech,Yes,53.43,Mkt&HR,73.78,Placed,526180
63,F,64.15,65.78,Science,77.99,Sci&Tech,No,71.01,Mkt&HR,76.68,Placed,433559
64,M,45.02,92.91,Arts,73.48,Comm&Mgmt,No,77.66,Mkt&HR,64.12,Placed,564750
65,M,94.83,63.97,Science,88.76,Sci&Tech,No,69.6,Mkt&Fin,70.1,Placed,318517
66,F,55.85,91.99,Arts,51.47,Comm&Mgmt,No,62.12,Mkt&HR,79.11,Placed,396130
67,M,76.17,69.84,Science,52.17,Others,No,79.89,Mkt&Fin,68.76,Placed,265494
68,M,91.02,64.1,Arts,69.39,Comm&Mgmt,Yes,84.07,Mkt&Fin,66.53,Placed,219147
69,M,65.38,46.46,Commerce,69.94,Others,No,74.43,Mkt&Fin,62.46,Placed,378332
70,F,70.32,61.1,Arts,70.33,Comm&Mgmt,Yes,63.26,Mkt&Fin,60.2,Placed,292212
71,M,55.56,56.42,Arts,73.2,Others,No,91.53,Mkt&Fin,66.16,Placed,411805
72,F,65.04,57.7,Commerce,89.23,Comm&Mgmt,No,61.21,Mkt&Fin,51.31,Placed,476195
73,F,61.23,76.5,Arts,89.23,Sci&Tech,Yes,56.06,Mkt&Fin,76.09,Placed,364928
74,F,40.84,47.93,Arts,88.8,Comm&Mgmt,No,87.51,Mkt&Fin,60.16,Placed,452931
75,F,86.88,87.26,Science,88.17,Others,No,91.87,Mkt&HR,68.52,Placed,467447
76,F,94.86,81.07,Science,89.13,Others,Yes,71.3,Mkt&Fin,77.1,Placed,514380
77,F,59.72,63.69,Commerce,71.25,Others,Yes,58.16,Mkt&HR,68.28,Placed,466916
78,F,90.21,47.87,Science,75.52,Sci&Tech,No,82.01,Mkt&Fin,77.04,Placed,246349
79,F,91.99,94.32,Science,75.56,Sci&Tech,No,71.93,Mkt&Fin,55.98,Placed,382947
80,M,60.98,59.74,Science,89.71,Sci&Tech,Yes,96.94,Mkt&Fin,58.23,Placed,468035
81,M,90.08,80.98,Science,81.03,Comm&Mgmt,No,60.51,Mkt&HR,68.63,Placed,482789
82,M,74.55,89.69,Arts,51.58,Sci&Tech,Yes,77.82,Mkt&HR,52.7,Placed,493941
83,M,51.04,83.26,Science,71.23,Sci&Tech,Yes,62.33,Mkt&Fin,79.02,Placed,545566
84,M,65.76,44.14,Commerce,84.41,Others,No,96.43,Mkt&Fin,52.71,Placed,291072
85,M,65.01,77.01,Arts,60.49,Sci&Tech,No,55.2,Mkt&HR,64.14,Placed,576131
86,F,90.34,52.18,Commerce,75.42,Sci&Tech,No,81.16,Mkt&HR,54.19,Placed,307833
87,F,46.39,52.91,Arts,55.43,Sci&Tech,No,82.18,Mkt&Fin,67.62,Placed,551873
88,M,85.85,73.86,Science,51.31,Sci&Tech,Yes,71.28,Mkt&HR,75.66,Placed,467985
89,F,43.33,55.17,Commerce,87.96,Sci&Tech,Yes,81.81,Mkt&HR,51.52,Placed,595304
90,M,43.77,82.08,Commerce,73.46,Comm&Mgmt,No,87.17,Mkt&HR,58.32,Placed,594761
91,F,83.92,46.05,Commerce,55.27,Sci&Tech,Yes,78.26,Mkt&HR,55.23,Not Placed,
92,F,68.93,81.01,Science,67.93,Sci&Tech,Yes,71.7,Mkt&HR,78.36,Placed,508955
93,F,65.19,93.02,Commerce,89.94,Sci&Tech,No,82.93,Mkt&Fin,71.37,Placed,557692
94,F,73.46,43.61,Science,74.97,Others,No,68.28,Mkt&Fin,63.61,Placed,221654
95,M,86.9,75.8,Arts,78.83,Comm&Mgmt,No,71.67,Mkt&HR,62.41,Placed,347466
96,M,57.19,57.19,Science,64.97,Comm&Mgmt,No,53.22,Mkt&HR,52.8,Not Placed,
97,F,84.65,70.6,Arts,88.26,Others,No,82.16,Mkt&Fin,60.61,Placed,495119
98,M,93.26,73.02,Science,54.14,Others,Yes,57.43,Mkt&Fin,56.73,Placed,535056
99,F,46.32,55.32,Commerce,82.29,Others,Yes,79.23,Mkt&Fin,50.87,Placed,500211
100,F,59.31,49.98,Commerce,72.65,Sci&Tech,Yes,56.81,Mkt&HR,52.75,Placed,338001
101,F,58.75,60.35,Arts,62.98,Others,Yes,92.4,Mkt&HR,54.72,Placed,463066
102,F,64.37,63.32,Arts,67.68,Sci&Tech,Yes,86.24,Mkt&HR,60.36,Placed,464851
103,F,68.98,56.96,Commerce,65.81,Others,Yes,50.37,Mkt&Fin,78.36,Placed,500947
104,F,58.05,40.43,Arts,67.23,Comm&Mgmt,No,75.56,Mkt&HR,65.01,Placed,518604
105,M,61.84,80.81,Science,50.75,Comm&Mgmt,No,77.64,Mkt&Fin,71.28,Placed,228372
106,M,93.14,49.45,Arts,68.4,Others,No,54.23,Mkt&HR,57.3,Placed,400064
107,F,87.88,81.02,Commerce,63.32,Comm&Mgmt,Yes,74.5,Mkt&HR,65.92,Placed,506015
108,F,80.01,85.04,Commerce,59.45,Comm&Mgmt,No,59.47,Mkt&HR,72.81,Placed,254401
109,F,65.52,71.01,Arts,67.96,Others,No,91.48,Mkt&Fin,54.53,Placed,365727
110,F,83.8,72.53,Science,70.29,Sci&Tech,No,71.69,Mkt&HR,61.06,Placed,450759
111,M,73.83,67.89,Science,73.21,Others,Yes,71.59,Mkt&HR,59.65,Placed,243361
112,M,64.78,84.6,Science,89.3,Comm&Mgmt,Yes,51.88,Mkt&Fin,79.73,Placed,436118
113,F,60.51,55.56,Science,80.98,Others,Yes,87.88,Mkt&Fin,51.98,Placed,464919
114,F,53.86,86.84,Arts,84.93,Sci&Tech,Yes,77.97,Mkt&HR,77.5,Placed,455542
115,F,47.09,78.99,Commerce,62.38,Sci&Tech,No,89.03,Mkt&HR,69.38,Placed,331967
116,F,56.99,92.31,Science,87.91,Sci&Tech,Yes,60.87,Mkt&HR,54.65,Placed,511010
117,M,76.41,88.2,Arts,55.24,Sci&Tech,Yes,57.79,Mkt&HR,71.64,Placed,333005
118,M,93.33,73.58,Arts,81.35,Comm&Mgmt,Yes,64.85,Mkt&Fin,77.12,Placed,464888
119,F,65.39,55.5,Science,70.12,Sci&Tech,Yes,89.21,Mkt&HR,76.19,Placed,381848
120,F,70.5,45.64,Arts,84.05,Sci&Tech,Yes,86.63,Mkt&Fin,63.48,Placed,529039
121,M,92.05,52.21,Science,85.39,Comm&Mgmt,No,52.56,Mkt&Fin,57.07,Placed,337463
122,M,57.53,45.45,Arts,76.0,Comm&Mgmt,Yes,51.84,Mkt&Fin,70.88,Not Placed,
123,F,64.67,40.29,Commerce,50.76,Comm&Mgmt,Yes,76.34,Mkt&Fin,53.34,Not Placed,
124,F,46.7,53.11,Arts,81.76,Sci&Tech,Yes,55.32,Mkt&Fin,67.9,Not Placed,
125,M,79.52,56.02,Commerce,74.59,Comm&Mgmt,No,58.99,Mkt&HR,65.7,Placed,580429
126,M,61.47,65.86,Arts,65.48,Sci&Tech,No,85.87,Mkt&Fin,73.66,Placed,487835
127,M,82.43,80.44,Science,55.34,Sci&Tech,No,89.05,Mkt&HR,74.91,Placed,591944
128,F,74.75,84.63,Commerce,78.64,Sci&Tech,Yes,64.09,Mkt&HR,73.73,Placed,312550
129,F,68.35,94.4,Arts,68.94,Comm&Mgmt,Yes,63.73,Mkt&HR,75.97,Placed,232279
130,F,64.03,62.0,Science,85.79,Sci&Tech,No,96.74,Mkt&Fin,70.76,Placed,514862
131,F,84.06,79.99,Commerce,67.22,Comm&Mgmt,No,65.42,Mkt&HR,59.84,Placed,367284
132,F,49.17,64.41,Science,51.69,Sci&Tech,No,63.18,Mkt&HR,52.25,Not Placed,
133,F,68.22,81.24,Commerce,88.11,Comm&Mgmt,No,51.67,Mkt&HR,57.08,Placed,332103
134,M,73.28,77.35,Science,64.88,Comm&Mgmt,Yes,75.41,Mkt&Fin,59.43,Placed,583418
135,M,80.46,67.45,Science,86.54,Comm&Mgmt,No,87.2,Mkt&Fin,56.44,Placed,471471
136,F,51.01,47.47,Commerce,68.08,Others,No,97.87,Mkt&Fin,70.04,Placed,410998
137,F,89.02,86.82,Arts,78.38,Others,Yes,88.1,Mkt&HR,53.64,Placed,238328
138,F,41.45,70.47,Science,68.7,Others,Yes,79.37,Mkt&HR,51.97,Placed,481112
139,F,68.91,82.3,Arts,52.95,Sci&Tech,Yes,71.6,Mkt&Fin,53.85,Placed,411547
140,M,82.23,47.1,Arts,86.43,Comm&Mgmt,Yes,74.87,Mkt&Fin,54.94,Placed,477919
141,F,92.11,68.54,Science,83.84,Sci&Tech,Yes,80.48,Mkt&Fin,53.76,Placed,404060
142,M,72.55,71.94,Commerce,76.35,Others,No,90.44,Mkt&HR,74.76,Placed,199093
143,F,75.81,82.18,Science,74.72,Comm&Mgmt,No,92.67,Mkt&Fin,69.26,Placed,282848
144,F,56.36,44.01,Commerce,56.32,Sci&Tech,No,72.29,Mkt&Fin,68.2,Not Placed,
145,F,80.38,87.34,Science,55.23,Sci&Tech,Yes,65.32,Mkt&Fin,53.68,Placed,239168
146,M,55.96,61.13,Arts,66.73,Comm&Mgmt,No,94.82,Mkt&Fin,55.7,Not Placed,
147,F,67.43,56.97,Commerce,53.6,Sci&Tech,No,96.4,Mkt&HR,67.5,Not Placed,
148,F,67.22,88.53,Arts,76.9,Sci&Tech,Yes,90.66,Mkt&Fin,54.02,Placed,333626
149,F,60.13,62.03,Arts,72.47,Sci&Tech,No,53.53,Mkt&Fin,72.93,Not Placed,
150,M,47.08,45.32,Science,81.8,Sci&Tech,No,86.24,Mkt&HR,68.07,Placed,196907
151,M,47.54,58.32,Science,70.77,Comm&Mgmt,Yes,65.74,Mkt&Fin,54.88,Placed,490514
152,F,72.65,67.9,Arts,71.29,Others,No,72.79,Mkt&HR,61.05,Placed,591557
153,F,83.82,79.89,Arts,75.17,Others,No,62.75,Mkt&HR,71.64,Placed,251615
154,F,48.13,77.44,Commerce,72.9,Others,Yes,59.16,Mkt&Fin,59.41,Placed,470010
155,F,67.6,73.63,Science,84.91,Others,Yes,83.88,Mkt&HR,66.83,Placed,380915
156,F,57.26,49.53,Arts,63.69,Sci&Tech,No,79.28,Mkt&HR,78.72,Placed,305369
157,F,82.41,78.77,Arts,78.2,Sci&Tech,No,66.74,Mkt&Fin,58.63,Placed,408140
158,F,85.01,92.5,Commerce,61.62,Sci&Tech,Yes,66.63,Mkt&Fin,69.68,Placed,269874
159,F,91.32,78.29,Commerce,54.37,Others,Yes,61.64,Mkt&HR,69.14,Placed,353586
160,F,45.53,82.39,Commerce,88.58,Comm&Mgmt,No,81.34,Mkt&Fin,64.32,Placed,584843
161,F,55.7,43.25,Commerce,76.09,Comm&Mgmt,Yes,93.84,Mkt&HR,62.54,Placed,572247
162,M,94.84,61.83,Science,57.45,Others,No,92.08,Mkt&HR,58.95,Placed,569951
163,F,55.65,94.4,Arts,70.97,Comm&Mgmt,No,63.1,Mkt&HR,59.92,Placed,452279
164,M,40.77,58.54,Science,72.71,Comm&Mgmt,Yes,79.33,Mkt&Fin,74.81,Placed,216429
165,M,50.16,47.73,Science,87.43,Comm&Mgmt,No,68.41,Mkt&Fin,72.61,Placed,306817
166,M,54.39,59.78,Commerce,52.48,Comm&Mgmt,No,64.73,Mkt&Fin,70.58,Placed,552876
167,F,77.97,75.13,Science,64.7,Comm&Mgmt,Yes,95.95,Mkt&Fin,54.6,Placed,434410
168,F,78.61,90.2,Arts,82.08,Comm&Mgmt,Yes,82.66,Mkt&HR,65.77,Placed,331949
169,M,43.4,70.12,Arts,58.09,Others,Yes,57.9,Mkt&Fin,53.49,Not Placed,
170,F,45.0,68.07,Commerce,68.14,Others,No,71.93,Mkt&HR,66.76,Placed,309431
171,M,61.78,84.9,Arts,58.72,Comm&Mgmt,Yes,70.34,Mkt&HR,66.23,Placed,555571
172,F,41.75,62.49,Commerce,80.63,Others,No,67.97,Mkt&Fin,63.46,Placed,338548
173,M,77.55,76.4,Arts,55.32,Sci&Tech,Yes,58.57,Mkt&Fin,65.87,Placed,273529
174,M,81.59,93.82,Science,76.94,Others,No,75.53,Mkt&HR,57.43,Placed,295772
175,M,41.77,76.31,Arts,80.64,Comm&Mgmt,Yes,59.89,Mkt&HR,67.82,Placed,462249
176,M,53.46,42.43,Science,59.37,Comm&Mgmt,Yes,56.73,Mkt&Fin,57.02,Placed,421966
177,F,53.03,88.19,Arts,70.85,Sci&Tech,No,63.21,Mkt&HR,68.78,Placed,388160
178,F,91.79,76.92,Arts,62.75,Sci&Tech,No,57.16,Mkt&Fin,55.52,Placed,281206
179,M,56.54,78.92,Science,86.59,Others,No,96.45,Mkt&HR,61.65,Placed,318710
180,M,90.72,86.59,Commerce,71.43,Comm&Mgmt,Yes,62.89,Mkt&HR,76.21,Placed,499912
181,M,66.37,87.82,Science,62.13,Comm&Mgmt,Yes,94.98,Mkt&HR,72.41,Placed,564065
182,M,61.81,53.16,Science,81.02,Sci&Tech,No,75.62,Mkt&Fin,59.25,Placed,550781
183,F,45.42,93.97,Science,80.47,Sci&Tech,Yes,67.79,Mkt&Fin,51.37,Placed,491325
184,M,54.34,91.41,Arts,78.8,Sci&Tech,Yes,59.42,Mkt&HR,61.4,Placed,389706
185,F,54.15,85.19,Arts,75.67,Sci&Tech,No,58.08,Mkt&Fin,55.08,Placed,385092
186,M,68.82,86.15,Commerce,87.81,Others,Yes,86.69,Mkt&Fin,54.12,Placed,208546
187,M,40.5,67.82,Science,52.42,Others,No,81.65,Mkt&HR,50.2,Not Placed,
188,M,40.92,79.72,Arts,89.1,Comm&Mgmt,No,88.7,Mkt&HR,53.21,Placed,242536
189,M,74.09,53.88,Science,60.69,Sci&Tech,Yes,67.91,Mkt&Fin,63.77,Placed,472839
190,F,77.62,86.63,Arts,89.67,Others,Yes,54.49,Mkt&Fin,61.32,Placed,447434
191,M,44.55,86.49,Arts,81.38,Others,Yes,92.95,Mkt&HR,56.89,Placed,470760
192,F,54.91,90.83,Arts,87.02,Others,Yes,58.61,Mkt&Fin,50.47,Placed,240560
193,F,91.09,56.46,Arts,59.62,Sci&Tech,No,68.42,Mkt&HR,73.71,Placed,212939
194,F,42.95,64.04,Commerce,63.62,Others,No,96.51,Mkt&Fin,50.89,Not Placed,
195,F,66.98,59.57,Science,67.27,Others,No,54.11,Mkt&Fin,73.94,Placed,214455
196,M,60.9,83.11,Commerce,79.59,Sci&Tech,No,55.11,Mkt&HR,78.29,Placed,499765
197,M,47.29,50.31,Science,72.28,Others,No,54.96,Mkt&HR,60.62,Not Placed,
198,F,87.5,40.68,Science,65.51,Comm&Mgmt,Yes,77.45,Mkt&HR,70.56,Placed,292945
199,F,67.12,43.48,Science,61.04,Sci&Tech,No,87.57,Mkt&Fin,57.55,Not Placed,
200,F,72.66,50.76,Commerce,55.42,Comm&Mgmt,No,65.95,Mkt&Fin,74.12,Not Placed,
201,F,63.68,85.29,Arts,88.97,Comm&Mgmt,No,65.39,Mkt&HR,64.37,Placed,347260
202,F,56.03,78.22,Science,88.71,Comm&Mgmt,No,68.05,Mkt&Fin,60.95,Placed,263916
203,M,77.49,70.26,Arts,68.46,Others,Yes,71.05,Mkt&Fin,74.94,Placed,536070
204,F,77.01,47.65,Science,59.68,Others,Yes,84.33,Mkt&Fin,52.22,Placed,381278
205,F,69.39,90.79,Arts,66.73,Comm&Mgmt,No,83.68,Mkt&HR,53.28,Placed,459171
206,M,75.58,42.44,Arts,77.1,Sci&Tech,No,96.35,Mkt&Fin,53.18,Placed,273240
207,M,64.52,61.51,Arts,73.54,Others,Yes,66.56,Mkt&HR,64.48,Placed,566629
208,M,46.38,91.74,Commerce,63.93,Sci&Tech,No,87.64,Mkt&Fin,60.45,Placed,483237
209,F,57.54,56.51,Arts,54.6,Sci&Tech,Yes,82.5,Mkt&HR,77.9,Placed,396717
210,M,58.2,63.45,Science,59.27,Sci&Tech,Yes,58.95,Mkt&Fin,61.87,Placed,550900
211,F,72.57,61.39,Arts,58.59,Sci&Tech,Yes,77.71,Mkt&HR,60.97,Placed,227861
212,F,69.02,75.15,Arts,65.55,Sci&Tech,Yes,66.7,Mkt&Fin,68.52,Placed,476515
213,F,90.53,72.46,Arts,55.36,Comm&Mgmt,Yes,64.66,Mkt&HR,61.2,Placed,343154
214,M,71.61,63.27,Science,75.42,Others,Yes,76.64,Mkt&Fin,58.67,Placed,533633
215,M,87.6,92.35,Science,55.46,Sci&Tech,No,69.64,Mkt&Fin,62.47,Placed,385253
216,M,71.1,83.77,Commerce,61.68,Sci&Tech,Yes,75.81,Mkt&HR,73.42,Placed,504470
217,F,70.23,46.23,Commerce,60.72,Others,No,76.02,Mkt&HR,72.8,Placed,271787
218,F,45.63,85.65,Commerce,61.91,Comm&Mgmt,No,62.62,Mkt&HR,63.17,Placed,505765
219,M,51.54,80.57,Arts,64.03,Others,No,57.97,Mkt&HR,73.55,Placed,518285
220,F,69.28,72.83,Commerce,62.95,Others,No,63.89,Mkt&Fin,78.57,Placed,558065
221,M,47.46,81.26,Science,86.75,Sci&Tech,Yes,83.67,Mkt&HR,57.49,Placed,527962
222,F,66.92,71.76,Science,75.11,Sci&Tech,No,53.62,Mkt&HR,62.09,Placed,471775
223,F,65.01,66.84,Arts,50.1,Others,Yes,85.08,Mkt&Fin,69.05,Placed,537044
224,F,51.98,63.63,Commerce,69.79,Sci&Tech,No,66.21,Mkt&HR,66.98,Placed,324370
225,M,42.53,74.44,Science,50.65,Comm&Mgmt,No,71.91,Mkt&Fin,56.07,Not Placed,
226,M,88.52,56.6,Science,53.73,Sci&Tech,No,53.96,Mkt&HR,51.55,Not Placed,
227,M,63.61,45.02,Commerce,50.04,Sci&Tech,Yes,56.37,Mkt&HR,65.58,Not Placed,
228,M,78.26,84.94,Science,77.76,Sci&Tech,Yes,60.99,Mkt&HR,71.92,Placed,311607
229,F,47.54,82.54,Commerce,75.66,Others,Yes,53.28,Mkt&HR,68.31,Placed,327498
230,M,74.54,48.33,Science,74.64,Sci&Tech,Yes,54.16,Mkt&HR,54.2,Not Placed,
231,F,59.33,63.62,Commerce,59.91,Others,Yes,61.91,Mkt&Fin,73.37,Placed,536114
232,F,51.3,73.38,Commerce,79.91,Sci&Tech,Yes,87.62,Mkt&HR,64.85,Placed,389824
233,M,69.06,93.77,Science,87.36,Comm&Mgmt,No,91.32,Mkt&Fin,60.96,Placed,500344
234,M,40.92,43.71,Science,58.63,Comm&Mgmt,No,74.32,Mkt&Fin,62.71,Not Placed,
235,M,55.26,57.04,Arts,86.84,Comm&Mgmt,No,68.76,Mkt&HR,59.31,Placed,580439
236,M,43.18,44.74,Science,54.64,Others,Yes,64.85,Mkt&HR,53.58,Not Placed,
237,M,49.01,92.42,Arts,70.69,Others,No,58.01,Mkt&HR,72.49,Placed,487833
238,M,82.43,41.61,Science,60.88,Comm&Mgmt,No,84.19,Mkt&HR,64.88,Placed,203284
239,M,60.22,54.03,Commerce,85.77,Others,Yes,60.96,Mkt&HR,51.32,Placed,282711
240,F,60.02,90.61,Commerce,87.25,Comm&Mgmt,No,60.78,Mkt&HR,62.49,Placed,293928
241,M,71.43,46.57,Arts,86.08,Comm&Mgmt,Yes,88.61,Mkt&HR,78.62,Placed,375339
242,F,82.54,57.09,Commerce,72.12,Comm&Mgmt,No,59.63,Mkt&Fin,72.19,Placed,334674
243,F,94.88,82.67,Arts,86.02,Comm&Mgmt,Yes,50.31,Mkt&Fin,50.72,Placed,447095
244,M,92.3,40.08,Arts,65.05,Others,No,54.99,Mkt&HR,62.59,Placed,588474
245,M,79.14,45.12,Commerce,85.89,Others,No,83.64,Mkt&Fin,63.75,Placed,423923
246,M,75.05,61.69,Arts,72.71,Sci&Tech,Yes,61.37,Mkt&Fin,75.53,Placed,345040
247,F,57.49,54.96,Commerce,87.74,Comm&Mgmt,Yes,57.46,Mkt&HR,63.49,Placed,230709
248,F,93.05,51.42,Science,68.53,Comm&Mgmt,Yes,57.57,Mkt&Fin,74.79,Placed,196938
249,F,48.16,79.11,Science,65.85,Comm&Mgmt,No,62.49,Mkt&HR,50.93,Not Placed,
250,F,70.58,70.26,Commerce,68.48,Comm&Mgmt,Yes,50.57,Mkt&HR,53.92,Placed,336340
251,M,72.03,54.24,Commerce,50.87,Comm&Mgmt,Yes,93.32,Mkt&Fin,74.28,Placed,535855
252,F,46.74,91.83,Commerce,56.72,Others,No,89.44,Mkt&Fin,64.88,Placed,359198
253,F,51.81,50.29,Science,67.84,Comm&Mgmt,Yes,79.48,Mkt&HR,69.42,Placed,550767
254,F,43.35,55.39,Commerce,66.77,Others,Yes,80.28,Mkt&HR,79.68,Placed,330827
255,F,58.92,71.11,Science,65.54,Comm&Mgmt,Yes,65.31,Mkt&HR,50.88,Placed,297991
256,F,69.12,82.18,Commerce,88.96,Comm&Mgmt,Yes,81.53,Mkt&Fin,66.01,Placed,489565
257,M,71.66,94.05,Science,64.19,Comm&Mgmt,Yes,61.35,Mkt&Fin,74.19,Placed,563871
258,M,78.69,59.34,Arts,72.54,Others,Yes,90.16,Mkt&Fin,66.26,Placed,195944
259,M,52.79,52.03,Arts,69.12,Sci&Tech,Yes,88.71,Mkt&Fin,71.51,Placed,534599
260,F,43.28,48.12,Arts,86.69,Comm&Mgmt,No,96.11,Mkt&Fin,71.14,Placed,426126
261,F,56.6,47.5,Commerce,79.29,Sci&Tech,No,81.16,Mkt&HR,71.22,Placed,553632
262,F,52.28,72.39,Commerce,65.14,Others,No,56.11,Mkt&HR,78.46,Placed,344472
263,M,50.01,57.5,Arts,58.84,Others,Yes,94.96,Mkt&HR,59.94,Placed,325660
264,F,49.23,88.69,Commerce,82.87,Others,No,71.44,Mkt&Fin,56.29,Placed,327202
265,M,79.62,42.65,Science,79.3,Comm&Mgmt,No,73.67,Mkt&Fin,60.54,Placed,528098
266,M,48.95,44.05,Commerce,61.8,Sci&Tech,No,95.68,Mkt&HR,60.25,Placed,247579
267,M,70.09,89.4,Commerce,63.52,Others,No,83.82,Mkt&Fin,78.27,Placed,553696
268,M,42.95,58.21,Commerce,66.37,Others,No,81.71,Mkt&Fin,57.13,Not Placed,
269,F,48.45,59.85,Science,53.51,Others,No,59.58,Mkt&HR,56.21,Not Placed,
270,M,66.05,46.35,Science,68.84,Others,No,54.37,Mkt&Fin,55.55,Placed,335148
271,F,42.45,64.19,Science,59.05,Sci&Tech,Yes,57.25,Mkt&HR,52.57,Not Placed,
272,F,93.39,72.43,Arts,52.44,Sci&Tech,No,96.35,Mkt&Fin,67.18,Placed,305517
273,F,89.65,79.29,Arts,72.85,Others,Yes,55.77,Mkt&Fin,55.19,Placed,588309
274,M,46.94,63.29,Arts,67.42,Others,Yes,90.04,Mkt&Fin,59.59,Placed,519084
275,M,61.35,61.85,Science,84.26,Others,No,94.02,Mkt&HR,73.6,Placed,399476
276,F,46.19,48.23,Arts,73.52,Comm&Mgmt,Yes,77.01,Mkt&HR,73.57,Placed,549657
277,F,54.53,76.01,Arts,74.36,Comm&Mgmt,Yes,63.22,Mkt&HR,68.55,Placed,348722
278,F,88.93,58.23,Commerce,51.97,Sci&Tech,No,93.06,Mkt&HR,60.14,Placed,310598
279,F,87.2,77.67,Commerce,55.38,Others,No,87.15,Mkt&Fin,58.08,Placed,451133
280,M,64.29,90.24,Science,79.64,Others,No,89.41,Mkt&HR,51.97,Placed,349421
281,M,49.56,88.13,Commerce,83.48,Comm&Mgmt,Yes,71.91,Mkt&Fin,71.14,Placed,525872
282,F,74.95,46.81,Commerce,59.68,Sci&Tech,No,58.52,Mkt&Fin,67.61,Not Placed,
283,M,86.07,54.23,Arts,53.62,Comm&Mgmt,No,52.38,Mkt&HR,75.71,Placed,464632
284,F,75.84,68.23,Arts,50.36,Comm&Mgmt,Yes,78.85,Mkt&HR,56.71,Placed,576062
285,F,63.31,60.71,Science,68.36,Comm&Mgmt,No,64.5,Mkt&Fin,67.53,Not Placed,
286,F,70.88,72.66,Science,61.94,Comm&Mgmt,No,53.06,Mkt&Fin,69.22,Placed,289681
287,F,50.36,68.45,Commerce,85.99,Others,No,81.71,Mkt&HR,71.64,Placed,598937
288,F,89.88,62.25,Arts,51.41,Others,Yes,66.47,Mkt&HR,70.59,Placed,379808
289,F,67.9,86.5,Arts,85.06,Comm&Mgmt,No,54.68,Mkt&HR,72.23,Placed,414793
290,M,92.08,89.48,Arts,53.57,Sci&Tech,Yes,85.72,Mkt&Fin,62.61,Placed,336106
291,F,65.51,46.48,Commerce,84.66,Others,Yes,72.67,Mkt&HR,65.01,Placed,340301
292,F,62.72,87.9,Commerce,55.49,Comm&Mgmt,No,69.64,Mkt&Fin,54.3,Placed,255749
293,M,66.82,74.71,Commerce,62.54,Comm&Mgmt,Yes,71.7,Mkt&HR,72.84,Placed,501083
294,F,83.19,82.89,Commerce,74.58,Others,No,69.36,Mkt&Fin,61.5,Placed,263753
295,F,92.25,89.06,Arts,57.62,Others,Yes,80.08,Mkt&HR,56.79,Placed,311078
296,M,61.1,72.38,Commerce,52.61,Comm&Mgmt,No,95.53,Mkt&Fin,71.83,Placed,321890
297,M,58.85,89.58,Science,80.0,Comm&Mgmt,No,50.92,Mkt&HR,71.82,Placed,488312
298,M,46.77,79.11,Commerce,65.01,Others,No,87.02,Mkt&HR,67.82,Placed,225407
299,M,42.65,46.37,Science,65.21,Others,No,72.77,Mkt&HR,56.16,Not Placed,
300,M,56.56,76.39,Arts,70.81,Others,Yes,70.1,Mkt&HR,65.35,Placed,298736
301,M,67.38,73.5,Science,83.26,Comm&Mgmt,No,83.76,Mkt&Fin,54.81,Placed,562349
302,F,58.18,40.15,Arts,53.56,Comm&Mgmt,No,57.16,Mkt&HR,73.39,Not Placed,
303,M,89.76,75.44,Science,89.55,Sci&Tech,No,72.29,Mkt&HR,74.4,Placed,537944
304,F,84.09,57.2,Arts,54.64,Comm&Mgmt,Yes,90.9,Mkt&HR,59.86,Placed,581137
305,F,88.32,45.11,Science,57.31,Sci&Tech,No,96.19,Mkt&Fin,75.07,Placed,380862
306,F,75.69,83.83,Commerce,55.3,Others,Yes,97.12,Mkt&HR,53.11,Placed,382723
307,F,49.97,60.89,Science,74.45,Others,Yes,73.19,Mkt&Fin,53.39,Placed,199308
308,F,76.02,40.68,Arts,70.99,Others,Yes,96.94,Mkt&Fin,65.57,Placed,439660
309,F,76.39,53.67,Science,76.55,Others,No,57.14,Mkt&HR,50.35,Placed,392338
310,F,86.85,87.82,Commerce,80.06,Sci&Tech,Yes,65.88,Mkt&Fin,51.51,Placed,450193
311,F,84.94,44.34,Science,82.05,Sci&Tech,Yes,91.12,Mkt&Fin,59.48,Placed,493000
312,M,45.65,62.68,Arts,71.96,Comm&Mgmt,No,92.73,Mkt&HR,69.64,Placed,323158
313,M,84.91,86.44,Science,72.41,Others,No,84.4,Mkt&Fin,71.48,Placed,498914
314,M,40.12,59.53,Arts,88.58,Sci&Tech,No,83.7,Mkt&HR,76.91,Placed,525172
315,F,45.88,73.6,Commerce,54.83,Sci&Tech,Yes,71.94,Mkt&HR,71.5,Placed,354077
316,M,82.47,64.78,Arts,73.57,Others,Yes,96.27,Mkt&HR,65.91,Placed,572829
317,F,90.84,82.96,Commerce,77.67,Comm&Mgmt,Yes,54.97,Mkt&Fin,65.12,Placed,591390
318,M,55.05,93.0,Science,68.11,Comm&Mgmt,Yes,69.81,Mkt&Fin,75.29,Placed,311842
319,M,51.05,74.33,Science,77.46,Others,Yes,97.1,Mkt&HR,65.12,Placed,315400
320,M,81.84,70.93,Arts,72.83,Others,No,82.36,Mkt&Fin,76.32,Placed,185363
321,M,41.39,47.99,Arts,52.26,Sci&Tech,Yes,97.21,Mkt&Fin,54.39,Not Placed,
322,F,51.22,69.76,Science,82.56,Comm&Mgmt,Yes,85.64,Mkt&Fin,57.13,Placed,515505
323,F,78.11,42.58,Science,65.5,Others,No,96.36,Mkt&HR,50.39,Placed,440635
324,F,85.65,90.13,Arts,78.38,Sci&Tech,Yes,87.26,Mkt&HR,58.83,Placed,466716
325,M,92.94,80.43,Commerce,65.09,Sci&Tech,No,76.72,Mkt&HR,54.83,Placed,182370
326,F,79.03,48.51,Commerce,87.15,Others,Yes,87.14,Mkt&Fin,64.72,Placed,330395
327,F,68.9,92.63,Arts,52.73,Others,Yes,69.96,Mkt&Fin,52.76,Placed,269608
328,F,58.21,56.15,Arts,71.22,Others,Yes,55.51,Mkt&Fin,63.37,Placed,437754
329,M,92.74,77.54,Science,65.25,Comm&Mgmt,No,62.32,Mkt&Fin,50.74,Placed,503607
330,F,66.77,56.3,Arts,57.7,Others,Yes,95.51,Mkt&HR,79.15,Placed,403946
331,M,51.59,74.62,Commerce,84.6,Sci&Tech,Yes,59.87,Mkt&Fin,69.4,Placed,493694
332,M,41.31,79.43,Commerce,53.5,Comm&Mgmt,Yes,88.12,Mkt&HR,67.25,Placed,288632
333,F,64.81,62.24,Science,50.68,Others,Yes,75.67,Mkt&HR,72.68,Placed,474370
334,M,59.67,67.66,Science,81.48,Sci&Tech,Yes,63.51,Mkt&Fin,61.44,Placed,192944
335,M,69.34,47.5,Science,81.87,Others,No,96.09,Mkt&HR,58.94,Placed,585453
336,F,92.66,40.61,Arts,55.65,Comm&Mgmt,Yes,77.49,Mkt&Fin,66.11,Placed,307970
337,F,51.65,89.81,Arts,55.7,Comm&Mgmt,Yes,79.61,Mkt&Fin,55.83,Placed,515857
338,M,86.83,91.28,Arts,68.45,Others,Yes,63.95,Mkt&HR,57.52,Placed,423850
339,F,59.64,76.92,Commerce,54.0,Others,Yes,93.21,Mkt&Fin,64.58,Placed,456957
340,M,71.11,60.05,Science,88.35,Comm&Mgmt,Yes,65.03,Mkt&HR,71.37,Placed,296205
341,F,47.39,80.31,Science,68.51,Sci&Tech,No,73.37,Mkt&HR,55.27,Placed,533553
342,M,89.02,50.8,Arts,85.45,Comm&Mgmt,Yes,92.82,Mkt&HR,74.38,Placed,503064
343,M,89.85,70.34,Arts,85.76,Others,No,81.39,Mkt&HR,60.97,Placed,504300
344,F,47.36,67.56,Commerce,65.87,Others,Yes,81.81,Mkt&HR,72.72,Placed,246873
345,M,80.48,66.59,Science,51.62,Sci&Tech,Yes,53.02,Mkt&Fin,57.02,Placed,397511
346,F,61.35,90.48,Commerce,51.6,Others,No,54.95,Mkt&Fin,75.05,Not Placed,
347,M,60.72,60.82,Arts,76.13,Comm&Mgmt,No,68.06,Mkt&HR,65.49,Placed,544442
348,F,83.6,88.79,Commerce,70.07,Comm&Mgmt,No,57.95,Mkt&HR,65.44,Placed,243100
349,M,59.92,79.45,Commerce,76.44,Sci&Tech,No,84.57,Mkt&Fin,70.26,Placed,428132
350,F,41.23,42.37,Arts,73.69,Comm&Mgmt,Yes,92.76,Mkt&HR,51.68,Placed,255615
351,F,72.96,71.0,Commerce,85.14,Others,No,95.47,Mkt&HR,63.48,Placed,544267
352,M,52.07,62.59,Commerce,81.78,Comm&Mgmt,No,58.05,Mkt&Fin,77.67,Placed,208914
353,F,61.2,45.97,Commerce,70.91,Others,No,89.67,Mkt&HR,55.32,Placed,431921
354,M,45.13,76.27,Arts,71.57,Comm&Mgmt,No,75.06,Mkt&Fin,76.24,Placed,360161
355,F,83.43,60.97,Arts,82.18,Others,Yes,70.42,Mkt&Fin,64.31,Placed,540802
356,F,72.91,69.91,Science,57.56,Others,Yes,77.74,Mkt&HR,65.59,Placed,266275
357,F,62.49,45.86,Science,76.06,Sci&Tech,No,91.04,Mkt&Fin,66.94,Placed,596555
358,F,81.52,62.73,Arts,69.3,Sci&Tech,No,62.18,Mkt&Fin,67.33,Placed,347214
359,M,87.02,76.26,Arts,59.19,Others,Yes,54.81,Mkt&Fin,73.58,Placed,437890
360,M,48.84,93.05,Commerce,82.17,Comm&Mgmt,No,94.44,Mkt&Fin,52.64,Placed,335750
361,M,79.85,91.19,Science,74.56,Others,No,84.16,Mkt&HR,78.37,Placed,448922
362,F,40.59,86.78,Arts,61.44,Comm&Mgmt,Yes,79.53,Mkt&HR,60.79,Placed,589771
363,M,94.82,82.88,Science,76.79,Sci&Tech,Yes,74.85,Mkt&HR,77.58,Placed,484978
364,F,59.11,84.85,Commerce,74.25,Comm&Mgmt,No,94.63,Mkt&HR,57.83,Placed,224715
365,M,67.67,58.7,Commerce,82.12,Sci&Tech,No,83.32,Mkt&Fin,66.9,Placed,498138
366,F,77.49,89.31,Commerce,69.28,Sci&Tech,Yes,68.37,Mkt&HR,70.31,Placed,312606
367,F,68.41,40.53,Science,59.93,Comm&Mgmt,No,82.34,Mkt&Fin,52.28,Placed,380153
368,F,52.02,71.55,Commerce,87.88,Others,Yes,73.95,Mkt&HR,57.05,Placed,291470
369,M,51.15,53.73,Arts,64.24,Comm&Mgmt,Yes,94.17,Mkt&Fin,68.41,Placed,407419
370,M,86.64,60.42,Science,69.69,Others,No,73.56,Mkt&Fin,61.94,Placed,233863
371,F,66.31,69.74,Arts,63.89,Others,Yes,71.95,Mkt&HR,70.95,Placed,469468
372,M,77.08,60.87,Commerce,63.02,Others,No,58.98,Mkt&Fin,57.11,Placed,437495
373,F,50.12,63.32,Science,78.03,Sci&Tech,No,91.01,Mkt&Fin,63.52,Placed,591294
374,M,84.78,79.64,Commerce,72.21,Sci&Tech,Yes,57.0,Mkt&HR,64.19,Placed,357038
375,M,94.76,86.72,Arts,71.36,Sci&Tech,No,64.4,Mkt&HR,61.95,Placed,205215
376,F,66.21,74.64,Science,79.78,Sci&Tech,No,67.29,Mkt&Fin,60.32,Placed,327458
377,M,71.73,75.74,Arts,56.98,Sci&Tech,No,65.6,Mkt&Fin,73.24,Placed,212931
378,F,65.51,92.61,Commerce,75.62,Sci&Tech,No,80.3,Mkt&Fin,75.47,Placed,248039
379,M,57.24,75.92,Arts,60.7,Others,No,63.02,Mkt&Fin,73.43,Placed,494116
380,F,62.77,50.11,Commerce,55.0,Comm&Mgmt,No,95.14,Mkt&HR,56.32,Placed,220132
381,F,70.16,41.45,Science,70.96,Comm&Mgmt,Yes,62.6,Mkt&HR,52.53,Placed,343735
382,M,53.61,55.63,Arts,55.06,Others,Yes,51.37,Mkt&Fin,75.81,Not Placed,
383,F,65.7,87.9,Science,71.94,Comm&Mgmt,Yes,78.36,Mkt&Fin,68.93,Placed,416873
384,F,89.99,66.49,Commerce,82.19,Sci&Tech,No,67.56,Mkt&Fin,54.67,Placed,399792
385,M,58.91,65.81,Commerce,77.51,Sci&Tech,No,64.38,Mkt&Fin,73.94,Placed,514642
386,F,50.37,88.52,Science,65.79,Comm&Mgmt,No,89.76,Mkt&HR,57.89,Placed,280615
387,F,55.66,80.86,Science,66.52,Comm&Mgmt,Yes,56.56,Mkt&HR,69.11,Placed,294296
388,F,50.33,41.07,Commerce,88.79,Comm&Mgmt,Yes,96.67,Mkt&Fin,58.08,Placed,485384
389,M,44.96,40.81,Commerce,63.68,Sci&Tech,No,97.9,Mkt&Fin,70.91,Not Placed,
390,M,86.4,92.34,Commerce,60.66,Sci&Tech,Yes,76.07,Mkt&HR,55.77,Placed,523245
391,M,46.71,82.25,Commerce,65.39,Sci&Tech,Yes,85.41,Mkt&HR,55.98,Placed,219463
392,M,66.01,77.48,Science,87.45,Comm&Mgmt,Yes,85.75,Mkt&HR,57.6,Placed,263463
393,M,87.5,51.98,Commerce,59.44,Sci&Tech,No,50.72,Mkt&Fin,67.54,Not Placed,
394,M,40.49,42.31,Arts,69.01,Others,Yes,67.83,Mkt&HR,57.46,Placed,468096
395,F,91.2,94.83,Arts,52.4,Sci&Tech,Yes,83.66,Mkt&HR,53.77,Placed,592303
396,F,84.3,64.13,Commerce,50.85,Sci&Tech,No,84.77,Mkt&Fin,76.96,Placed,363750
397,F,69.85,66.96,Arts,57.47,Sci&Tech,No,85.16,Mkt&Fin,76.03,Placed,541435
398,M,43.79,48.53,Science,82.78,Others,No,71.8,Mkt&Fin,72.01,Placed,440288
399,F,82.68,53.13,Arts,52.53,Others,No,59.11,Mkt&Fin,72.97,Not Placed,
400,F,57.74,75.25,Commerce,53.85,Others,Yes,52.1,Mkt&HR,55.36,Not Placed,
401,M,66.7,45.43,Arts,75.67,Sci&Tech,No,75.24,Mkt&Fin,51.47,Not Placed,
402,M,40.72,90.66,Arts,69.66,Comm&Mgmt,No,88.45,Mkt&HR,60.83,Placed,553980
403,F,83.68,43.21,Arts,60.63,Comm&Mgmt,Yes,90.05,Mkt&HR,78.34,Placed,220790
404,M,69.24,50.42,Arts,76.28,Others,Yes,76.8,Mkt&Fin,72.38,Placed,422156
405,F,78.64,63.49,Commerce,56.67,Comm&Mgmt,No,74.23,Mkt&HR,66.02,Placed,572078
406,F,70.25,94.83,Science,66.49,Others,No,89.66,Mkt&Fin,68.25,Placed,269849
407,F,59.8,64.88,Science,50.01,Comm&Mgmt,No,78.6,Mkt&HR,79.8,Placed,306140
408,M,51.82,57.32,Arts,82.89,Others,Yes,54.53,Mkt&Fin,60.67,Placed,334174
409,M,52.81,84.61,Commerce,72.82,Others,Yes,85.24,Mkt&Fin,73.79,Placed,526796
410,M,72.74,56.52,Arts,82.33,Sci&Tech,Yes,87.45,Mkt&Fin,60.44,Placed,354939
411,M,87.84,52.47,Arts,83.98,Comm&Mgmt,No,52.6,Mkt&HR,59.58,Placed,317269
412,M,48.43,77.05,Science,88.84,Others,Yes,60.66,Mkt&Fin,73.59,Placed,321190
413,F,71.43,42.71,Science,60.5,Sci&Tech,No,87.14,Mkt&HR,72.86,Placed,263205
414,F,75.87,50.79,Arts,89.88,Others,Yes,61.63,Mkt&Fin,73.3,Placed,568137
415,M,46.19,62.75,Science,63.93,Sci&Tech,No,78.51,Mkt&HR,73.09,Not Placed,
416,F,73.89,94.46,Science,74.93,Sci&Tech,Yes,94.36,Mkt&HR,55.99,Placed,498248
417,M,46.18,43.0,Arts,87.07,Sci&Tech,Yes,66.48,Mkt&HR,59.15,Placed,319388
418,M,51.21,68.78,Science,71.95,Others,Yes,83.36,Mkt&HR,61.3,Placed,401255
419,F,49.37,55.62,Arts,74.72,Comm&Mgmt,No,81.43,Mkt&HR,52.0,Placed,458452
420,F,87.54,41.05,Arts,65.46,Sci&Tech,Yes,93.39,Mkt&Fin,76.0,Placed,258295
421,F,70.84,79.19,Commerce,59.9,Others,No,66.01,Mkt&Fin,72.33,Not Placed,
422,F,59.55,56.63,Arts,61.04,Comm&Mgmt,No,92.18,Mkt&HR,78.32,Placed,274744
423,F,89.34,76.13,Commerce,79.2,Others,Yes,70.03,Mkt&HR,62.79,Placed,434254
424,F,69.82,51.37,Commerce,73.24,Others,Yes,91.4,Mkt&Fin,70.66,Placed,562016
425,F,94.76,93.67,Commerce,76.25,Others,Yes,65.24,Mkt&HR,55.52,Placed,241119
426,M,82.1,88.41,Science,88.45,Sci&Tech,No,85.79,Mkt&Fin,54.56,Placed,235249
427,M,81.93,73.66,Science,74.22,Others,Yes,78.63,Mkt&HR,70.62,Placed,469019
428,F,47.37,86.54,Science,78.48,Sci&Tech,Yes,90.9,Mkt&Fin,64.22,Placed,275034
429,F,82.05,40.83,Science,88.01,Comm&Mgmt,Yes,86.37,Mkt&HR,55.31,Placed,364499
430,F,77.83,87.67,Commerce,67.1,Comm&Mgmt,No,84.57,Mkt&Fin,68.35,Placed,429398
431,M,68.64,64.84,Commerce,85.11,Comm&Mgmt,No,97.22,Mkt&HR,66.73,Placed,444872
432,M,50.44,64.18,Science,80.95,Sci&Tech,No,57.99,Mkt&Fin,68.39,Not Placed,
433,M,65.5,75.54,Commerce,78.91,Comm&Mgmt,Yes,87.38,Mkt&HR,61.79,Placed,190463
434,F,72.47,79.19,Commerce,85.3,Comm&Mgmt,No,65.56,Mkt&HR,71.55,Placed,227949
435,F,74.87,44.69,Arts,65.36,Others,Yes,68.18,Mkt&Fin,51.32,Not Placed,
436,F,71.1,76.27,Commerce,56.48,Comm&Mgmt,Yes,86.92,Mkt&HR,62.59,Placed,502824
437,F,55.88,49.94,Commerce,88.42,Comm&Mgmt,No,50.59,Mkt&Fin,75.66,Placed,182415
438,F,53.08,72.39,Science,68.15,Sci&Tech,Yes,78.86,Mkt&HR,57.34,Placed,440301
439,M,42.69,48.15,Arts,63.96,Comm&Mgmt,Yes,82.02,Mkt&Fin,59.93,Not Placed,
440,M,62.93,49.8,Arts,61.38,Others,Yes,96.38,Mkt&Fin,77.94,Placed,305703
441,F,89.36,85.11,Science,83.73,Comm&Mgmt,No,72.6,Mkt&HR,70.84,Placed,401362
442,M,78.27,73.66,Commerce,72.85,Others,Yes,73.22,Mkt&Fin,62.81,Placed,289057
443,F,90.99,73.79,Science,70.79,Others,No,73.64,Mkt&HR,76.51,Placed,302004
444,M,40.09,41.32,Arts,81.87,Others,Yes,88.38,Mkt&Fin,62.42,Placed,415374
445,M,40.62,51.07,Science,60.18,Comm&Mgmt,No,64.41,Mkt&Fin,73.01,Not Placed,
446,F,58.77,79.84,Arts,88.4,Comm&Mgmt,Yes,65.86,Mkt&Fin,77.67,Placed,379290
447,M,75.51,66.48,Arts,68.42,Others,No,72.2,Mkt&Fin,77.83,Placed,398850
448,F,70.53,41.03,Arts,77.42,Sci&Tech,Yes,96.54,Mkt&Fin,75.22,Placed,337601
449,M,71.4,61.43,Arts,54.67,Sci&Tech,No,84.07,Mkt&Fin,62.42,Placed,279809
450,F,85.62,56.64,Arts,62.09,Comm&Mgmt,No,87.68,Mkt&HR,77.4,Placed,190472
451,F,89.77,48.47,Science,86.95,Others,No,87.23,Mkt&HR,73.08,Placed,592554
452,M,51.29,42.01,Science,78.55,Others,Yes,50.2,Mkt&HR,70.61,Placed,216571
453,F,88.91,45.67,Arts,79.82,Comm&Mgmt,No,80.66,Mkt&HR,59.63,Placed,296192
454,F,82.5,76.91,Science,55.97,Sci&Tech,Yes,50.73,Mkt&HR,56.2,Placed,313763
455,M,91.88,84.22,Arts,59.79,Comm&Mgmt,No,79.44,Mkt&Fin,66.22,Placed,192176
456,M,45.83,42.96,Science,65.68,Others,No,79.58,Mkt&Fin,59.97,Not Placed,
457,M,93.55,81.57,Science,72.71,Comm&Mgmt,No,54.67,Mkt&Fin,70.53,Placed,375466
458,M,92.11,47.9,Arts,60.32,Sci&Tech,No,58.8,Mkt&Fin,73.66,Placed,370378
459,M,43.6,46.21,Science,68.45,Comm&Mgmt,No,86.86,Mkt&HR,65.24,Placed,479994
460,M,57.92,75.72,Science,71.31,Sci&Tech,No,61.45,Mkt&HR,66.44,Placed,341202
461,F,51.45,78.17,Science,81.37,Sci&Tech,No,76.14,Mkt&HR,55.19,Placed,490534
462,F,46.29,72.78,Science,72.2,Sci&Tech,Yes,64.79,Mkt&Fin,52.09,Not Placed,
463,F,58.01,75.47,Commerce,53.62,Comm&Mgmt,Yes,86.34,Mkt&HR,63.59,Placed,438540
464,F,50.76,77.48,Science,61.99,Others,No,94.09,Mkt&Fin,71.53,Placed,595921
465,M,73.63,68.07,Commerce,84.1,Comm&Mgmt,No,93.25,Mkt&HR,50.03,Placed,591052
466,M,87.37,87.61,Commerce,67.27,Others,No,80.01,Mkt&Fin,62.18,Placed,268710
467,M,66.12,50.35,Science,83.73,Sci&Tech,No,57.4,Mkt&HR,54.03,Not Placed,
468,M,47.92,88.67,Arts,67.47,Comm&Mgmt,Yes,56.59,Mkt&Fin,75.8,Placed,472064
469,F,74.28,64.99,Science,72.08,Sci&Tech,No,67.05,Mkt&HR,62.74,Not Placed,
470,F,86.57,53.02,Arts,60.77,Others,No,51.61,Mkt&HR,67.04,Placed,227529
471,F,92.9,44.4,Arts,79.25,Sci&Tech,No,74.81,Mkt&HR,57.36,Placed,458769
472,M,77.62,69.66,Arts,62.5,Comm&Mgmt,No,75.68,Mkt&HR,64.07,Placed,377077
473,F,63.16,92.83,Science,61.57,Comm&Mgmt,No,84.89,Mkt&Fin,51.84,Placed,251013
474,M,76.1,56.05,Arts,74.97,Sci&Tech,No,53.96,Mkt&HR,75.54,Placed,235666
475,F,55.14,54.13,Arts,54.46,Comm&Mgmt,Yes,81.64,Mkt&Fin,74.24,Placed,474325
476,F,49.94,69.01,Commerce,63.71,Comm&Mgmt,Yes,78.59,Mkt&HR,75.13,Placed,353438
477,F,53.09,64.21,Arts,56.69,Others,No,52.61,Mkt&Fin,72.66,Not Placed,
478,M,65.52,66.19,Science,79.85,Others,Yes,68.23,Mkt&Fin,64.24,Placed,545516
479,M,55.88,83.85,Science,77.14,Others,Yes,54.67,Mkt&Fin,78.69,Placed,565577
480,F,58.42,54.69,Commerce,60.21,Others,No,72.13,Mkt&HR,72.03,Placed,261868
481,F,77.27,94.63,Science,71.9,Others,Yes,89.92,Mkt&HR,62.34,Placed,467909
482,F,52.07,55.58,Commerce,51.36,Others,Yes,52.73,Mkt&HR,78.51,Placed,477391
483,M,44.75,73.26,Science,76.26,Others,Yes,93.01,Mkt&HR,57.6,Placed,573196
484,F,90.75,55.2,Science,77.69,Others,No,62.35,Mkt&HR,58.32,Not Placed,
485,F,58.3,43.3,Science,57.12,Comm&Mgmt,No,97.01,Mkt&HR,68.31,Not Placed,
486,F,45.96,69.73,Science,58.74,Others,Yes,93.81,Mkt&Fin,53.1,Placed,419964
487,F,82.75,41.03,Science,55.95,Others,Yes,94.78,Mkt&Fin,57.99,Placed,559939
488,M,68.35,91.7,Science,69.13,Sci&Tech,Yes,75.93,Mkt&HR,61.53,Placed,507528
489,M,71.2,91.43,Science,63.34,Sci&Tech,No,52.65,Mkt&HR,60.96,Placed,322826
490,F,81.82,55.95,Commerce,57.06,Comm&Mgmt,No,81.72,Mkt&Fin,70.88,Placed,444859
491,F,66.76,88.69,Science,79.41,Comm&Mgmt,Yes,59.27,Mkt&HR,64.68,Placed,407031
492,F,67.48,93.07,Science,88.66,Comm&Mgmt,Yes,66.29,Mkt&Fin,73.63,Placed,229638
493,F,91.7,87.86,Arts,55.96,Others,Yes,94.39,Mkt&HR,72.06,Placed,188006
494,M,53.35,75.68,Commerce,56.89,Comm&Mgmt,No,89.4,Mkt&HR,63.69,Placed,428237
495,M,46.28,72.72,Arts,58.82,Comm&Mgmt,No,66.19,Mkt&Fin,59.73,Placed,421906
496,M,57.69,93.06,Commerce,80.57,Others,Yes,66.1,Mkt&HR,58.22,Placed,250581
497,F,70.44,64.13,Arts,51.63,Comm&Mgmt,No,87.33,Mkt&HR,76.39,Placed,183034
498,M,78.87,72.66,Science,66.65,Sci&Tech,Yes,59.9,Mkt&Fin,65.69,Placed,573997
499,M,72.79,79.45,Arts,88.01,Others,No,66.7,Mkt&HR,66.73,Placed,594373
500,M,74.04,87.45,Arts,70.3,Sci&Tech,Yes,63.27,Mkt&HR,53.38,Placed,534388
